Predicted Score,Predicted Grade
23.341007,A
17.115269,A
19.711298,A
22.718538,A
22.932669,A
18.117336,A
20.43118,A
19.699663,A
22.950863,A
20.417538,A
16.644588,A
18.353659,A
20.842682,A
20.667969,A
17.072803,A
20.974424,A
19.095156,A
16.585802,A
22.670403,A
23.897867,A
7.5046525,B
18.772896,A
19.706306,A
18.950489,A
18.310923,A
17.210894,A
18.734596,A
17.760927,A
20.167187,A
7.504288,B
